application_id,fico,vehicle_make,vehicle_model,vehicle_year,vehicle_condition,open_date,payment_profile,last_payment_date,balance_date,original_amount,enhanced_acct_type_code,term_months,terms_duration,terms_frequency_code,high_balance,ecoa,balance_amount,vehicle_type
115732a2527c01cb9f42975ea31a5691,639,Honda                         ,Grom                                                                                                                                                                                                                                                      ,2015,N,5/3/2015,CCCCCCCCCCCCCCCCCCCCCCCCCCCCCC,,9/30/2017,4200,2,60,60,M,0,1,2660,classic
f99f54577f3eac50cec2bfddee4a9517,438,Honda                         ,CRF250R                                                                                                                                                                                                                                                   ,2015,N,5/4/2015,CCCCCCCCCCCCCCCCC,9/29/2017,9/29/2017,24319,0,72,72,M,0,2,20776,atv
85445fa3f31fd45db06d1b576a7e0d45,713,Suzuki                        ,C50 BOSS                                                                                                                                                                                                                                                  ,2014,N,5/5/2015,CCCCCCCCCCCCCCCCCCCCCCCCC,10/17/2017,10/17/2017,16103,3A,39,39,M,0,1,5367,classic
8775a0f23933ac40daf16a70bca869a0,622,Polaris                       ,Ranger Crew 570 EFI Camo                                                                                                                                                                                                                                  ,2014,N,5/6/2015,CCCC,9/29/2017,9/30/2017,23637,0,72,72,M,0,2,23025,utv
45c1fa4680f81dc5571285e1d708127c,622,Polaris                       ,General 1000 EPS~General 1000 EPS Deluxe~General 1000 EPS Premium                                                                                                                                                                                         ,2016,N,5/7/2015,CCCCCCCCCCCCCCCC,9/20/2017,9/30/2017,22572,11,72,72,M,0,2,19551,atv
ba308df618bb7b8eb79211f881f76b79,709,Polaris                       ,RZR XP 4 1000 EPS                                                                                                                                                                                                                                         ,2015,N,5/8/2015,CCCCCCCCCCCCCCCCCCCCCCCCCCCCCCC,8/21/2017,9/30/2017,22725,11,60,60,M,0,1,11849,utv
81f79a167aeb8b1fea1d3d5530f6bbf1,703,Kawasaki                      ,KLR650                                                                                                                                                                                                                                                    ,2014,N,5/9/2015,CCCCCCCCCCCCCC,9/1/2017,9/29/2017,35829,2,84,84,M,0,1,31183,atv
136855262bbce573d76ab474645dc0a1,688,Can-Am                        ,Outlander L 450~Outlander L DPS 450~Outlander L DPS 450 Camo                                                                                                                                                                                              ,2015,N,5/10/2015,CCCCCCCCCCCCCCCCCCCCCCCCCCCCCCCCCCCCCCCCCCCCC,10/12/2017,10/16/2017,31623,0,84,84,M,0,1,18748,sports bike
4f3e01964be9c865d9a3c261b6deff23,657,Kawasaki                      ,Ninja ZX6R                                                                                                                                                                                                                                                ,2013,N,5/11/2015,CCCCCCCCCCCCCCCCC1234LLLLLLLLLLLL,9/2/2015,2/18/2017,24219,0,84,84,M,0,1,22103,utv
6e55b928bfc877b211f8fe46d4bb3e5d,722,Yamaha                        ,FZ6R~FZ6R Blue/White                                                                                                                                                                                                                                      ,2013,N,5/12/2015,CCCCCCCCCCCCCCCCCCCCCCCCCCCCCC,10/9/2017,10/9/2017,32010,0,61,61,M,0,7,17072,atv
eb3b611a3e9001e9a45f77173e3f21fa,682,Yamaha                        ,YZ250                                                                                                                                                                                                                                                     ,2015,N,5/13/2015,CCCCCCCCC,9/1/2017,9/30/2017,10596,20,60,60,M,0,1,7397,utv
6e335f38551e7282af5d39903eab15bc,690,Polaris                       ,Slingshot SL~Slingshot SL LE Black Pearl~Slingshot SL LE White Pearl                                                                                                                                                                                      ,2016,N,5/14/2015,CCCCCCCCCCCCCCCCCCCCCCCCCC,9/15/2017,9/30/2017,29945,11,72,72,M,0,2,21062,classic
17be316da6339a3186db3aa2df289807,714,Kawasaki                      ,Teryx4 LE                                                                                                                                                                                                                                                 ,2016,N,5/15/2015,CCCCCCCCCCCCCCCCCCCC,9/8/2017,9/30/2017,17598,2,84,84,M,0,1,14745,utv
fb034884abcf519d45807f50390df68f,775,Triumph                       ,Street Triple R ABS                                                                                                                                                                                                                                       ,2014,N,5/16/2015,CCCCCCCCCCCCCCCCCCCCCCCCCCCCC,9/7/2017,9/30/2017,9968,2,48,48,M,0,1,4281,sports bike
8682c03b63416d4af1673193ff17cc83,749,Yamaha                        ,YZ450F                                                                                                                                                                                                                                                    ,2016,N,5/17/2015,CCCCCCCCCCCCCCC,9/22/2017,9/30/2017,44728,0,60,60,M,0,1,34744,sports bike
1b47bf5db3b4e1ae847991a725b129e2,639,Yamaha                        ,TT-R110E                                                                                                                                                                                                                                                  ,2014,N,5/18/2015,CCCCCCC,9/5/2017,9/30/2017,12483,0,60,60,M,0,2,11639,utv
9070c82943db17b48ded0237d1a4c690,855,Kawasaki                      ,Brute Force 300                                                                                                                                                                                                                                           ,2013,N,5/19/2015,CCCCCCCCCCC,9/28/2017,10/23/2017,5466,3A,24,24,M,0,2,3188,utv
87a87548a4c67f5f51158fca2e0d05ec,681,Triumph                       ,Speedmaster                                                                                                                                                                                                                                               ,2014,N,5/20/2015,CCCCCCCCCCCCCCCCCCCCCCCCCCCCC,9/28/2017,9/30/2017,2537,2,48,48,M,0,2,1132,atv
2c6a5c2b845cab129acfc5b7712538e9,710,Yamaha                        ,YZF-R1                                                                                                                                                                                                                                                    ,2014,N,5/21/2015,CC,9/30/2017,9/30/2017,25912,0,72,72,M,0,2,25450,utv
e8a1d3b42fcc98617bb05843f0dc66df,773,Kawasaki                      ,KLX110L                                                                                                                                                                                                                                                   ,2015,N,5/22/2015,CCCCCCCCCCCCCCCCCCCCCCCC,5/15/2017,9/30/2017,42358,0,84,84,M,0,1,32713,classic
8cb9f476ecba72b2e48181a5096b7017,790,Victory                       ,Cross Country Tour~Cross Country Tour 15th Anv                                                                                                                                                                                                            ,2014,N,5/23/2015,CCCCCCCCCCCCCCCCCCCCCCCC,9/11/2017,9/29/2017,15138,0,75,75,M,0,1,10860,classic
01332867c7e28f1337e7f21df7b647b3,694,Honda                         ,Grom                                                                                                                                                                                                                                                      ,2014,N,5/24/2015,CCCCCCCCCCCCCCCCCCCC1CCCCCCC,9/9/2017,9/30/2017,3000,1,36,36,M,0,1,1240,utv
3bdf917d2520b011585ab6f28a0377a8,680,Can-Am                        ,Outlander XT 500                                                                                                                                                                                                                                          ,2013,N,5/25/2015,CCCCCCCCCCCCCCCCCCCCCCCCCCCCCCCCCCCCCCC,10/15/2017,10/16/2017,14764,0,72,72,M,0,2,8716,sports bike
9eeda65e0801a4c4ab8c6c30a491352b,665,Yamaha                        ,YFZ450R                                                                                                                                                                                                                                                   ,2013,N,5/26/2015,CCCCCCCCCCCCCCCCCCCCCCCCCCCCCCCCCCCC,9/5/2017,9/29/2017,25455,0,72,72,M,0,1,15003,utv
41213d75c01647e778e939f36e7b8dfa,663,Polaris                       ,Sportsman 550 EPS~Sportsman 550 EPS Browning LE~Sportsman 550 EPS Camo                                                                                                                                                                                    ,2014,N,5/27/2015,CCCC,9/17/2017,9/29/2017,16055,0,75,75,M,0,2,15581,atv
85f468b96e02a4a450174bba19a863b5,784,KTM                           ,690 Enduro R                                                                                                                                                                                                                                              ,2016,N,5/28/2015,CCCCCCCCCCCCCCCCC,9/18/2017,10/1/2017,11839,11,60,60,M,0,1,8862,utv
e446e473ed5686faea8c0d4ac5d44993,688,Yamaha                        ,YZ250F                                                                                                                                                                                                                                                    ,2015,N,5/29/2015,CCCCCCCCCCCCCCCCCCCCCCCCCCCC,9/19/2017,9/30/2017,41132,0,72,72,M,0,1,27093,utv
91aac052ba3cd82c10d6ed78de02f891,731,Can-Am                        ,Commander XT 800R~Commander XT 800R Camo                                                                                                                                                                                                                  ,2015,N,5/30/2015,CC,9/29/2017,9/29/2017,24382,6,72,72,M,0,2,24123,atv
175f815771d0ca23809fc530ee5e64cc,832,Polaris                       ,RZR 900~RZR 900 EPS~RZR 900 EPS Camo                                                                                                                                                                                                                      ,2016,N,5/31/2015,CCCCCCCCCCCCCCCCCC,9/1/2017,9/30/2017,12609,2,36,36,M,0,2,7161,classic
6c8ffc1b1742b4972e0828deb600c34f,701,Indian Motorcycle             ,Scout                                                                                                                                                                                                                                                     ,2015,N,6/1/2015,CCCCCCCCCCCCCCCCCCCCCCCCCCCCCCCCCCCCCCCCCCCCCCC,9/5/2017,9/30/2017,17281,0,72,72,M,0,1,3918,sports bike
7cfa8a52a8c04faa4f7cbe8a1bfa07eb,601,Yamaha                        ,YZF-R3                                                                                                                                                                                                                                                    ,2015,N,6/2/2015,C,,9/30/2017,12500,20,37,37,M,0,1,12534,utv
ed48b0b1b3f2bf552cfeb8f647a32a8a,631,Polaris                       ,RZR S 800                                                                                                                                                                                                                                                 ,2014,N,6/3/2015,CCCCCCCCCCCCCCCCCCCCCCCCCC,9/8/2017,9/30/2017,20748,0,66,66,M,0,1,13516,atv
cc5c6013be074548267bd19c2f0e9742,532,Polaris                       ,Ranger Crew XP 900-6 EPS~Ranger Crew XP 900-6 EPS Camo                                                                                                                                                                                                    ,2016,N,6/4/2015,CCCCCCCCCCCCCC,8/5/2017,9/30/2017,15830,0,60,60,M,0,1,12972,utv
c2656386d566f2a38d137afd1c19977a,734,Honda                         ,CTX700                                                                                                                                                                                                                                                    ,2015,N,6/5/2015,CCCCCCCCCCCCCCCCCCC,9/16/2017,9/30/2017,5620,2,60,60,M,0,1,3586,utv
02462eb09d0f5003ef3cca024d8323ed,856,Hyosung                       ,GV250 Aquila                                                                                                                                                                                                                                              ,2014,N,6/6/2015,CCCCCCC,8/1/2017,8/31/2017,24454,3A,36,36,M,0,2,6926,atv
630cd95cdfe738a6bf15de6a60dc8c7f,761,Polaris                       ,Slingshot SL~Slingshot SL LE Black Pearl~Slingshot SL LE White Pearl                                                                                                                                                                                      ,2016,N,6/7/2015,CC----------------------------CCCCCCCCCCC,10/20/2017,10/23/2017,2250,12,72,72,M,0,2,2985,utv
b88e9553af8be5b652a749fb1e82008e,741,Honda                         ,CB1100                                                                                                                                                                                                                                                    ,2014,N,6/8/2015,CCCCCCCCCCCCCCCCCCCCCCCCCCCCCCCCCCC,8/15/2017,9/15/2017,14721,3A,39,39,M,0,1,1887,utv
ce90a2912720f17188cee388a62830c7,695,Honda                         ,CRF250R                                                                                                                                                                                                                                                   ,2014,N,6/9/2015,CCCCCC,9/24/2017,9/30/2017,33875,0,75,75,M,0,2,32235,utv
d6e92c58bfe12be9da0d3d5f690290bf,790,Can-Am                        ,Defender XT HD8~Defender XT HD8 Camo                                                                                                                                                                                                                      ,2016,N,6/10/2015,CCCCCCCC,9/4/2017,9/30/2017,7392,2,48,48,M,0,1,6201,utv
ea65fec8da51597ac89765da37502e17,717,Yamaha                        ,FJR1300ES                                                                                                                                                                                                                                                 ,2015,N,6/11/2015,CCCCCCCCCCCCCCCCCCCCCCCC,9/30/2017,9/30/2017,22160,2,84,84,M,0,1,16739,sports bike
09947d2f08fc626d706386019cc01cd0,784,Polaris                       ,General 1000 EPS~General 1000 EPS Deluxe~General 1000 EPS Premium                                                                                                                                                                                         ,2016,N,6/12/2015,CCCCCCCCCCCCCCCCCCCCCCCCCCCCCCCCCCCCCCCCCCCCCCCCCCC,9/19/2017,9/30/2017,30153,0,72,72,M,0,2,9459,atv
ed7fb15b0409513cc4cd367b2f1ca81c,622,Polaris                       ,Sportsman 850 SP                                                                                                                                                                                                                                          ,2015,N,6/13/2015,C,,10/20/2017,3470,2,36,36,M,0,1,3558,sports bike
cb2eecea5792865fa2b6aa5704ae078a,732,Kymco                         ,MXU 500i                                                                                                                                                                                                                                                  ,2016,N,6/14/2015,CCCCCCCCCCCCCCCCCC,9/27/2017,9/30/2017,23342,3A,42,42,M,0,1,12782,sports bike
743498c662bd3e2889cc36dae6c50169,694,Honda                         ,VT1300CT Interstate                                                                                                                                                                                                                                       ,2014,N,6/15/2015,CCCCCCCCCCCCCCCCCCCCCCCCCCCCCCCCCC,9/26/2017,9/29/2017,25918,0,75,75,M,0,1,15500,utv
c0f91f1711c8cb22cf51d37f8751c3d1,779,Ducati                        ,Streetfighter 848                                                                                                                                                                                                                                         ,2014,N,6/16/2015,CC,9/14/2017,9/30/2017,6465,0,72,72,M,0,1,6380,utv
93f32f16914bc89dc5bf817c8dc602b4,671,Kawasaki                      ,Ninja 300                                                                                                                                                                                                                                                 ,2016,N,6/17/2015,CCCCCCCCCCCCCCCCCCC,9/22/2017,9/30/2017,4379,11,60,60,M,0,1,3357,sports bike
11060ed47c690a514cde4ab3ac175150,720,Can-Am                        ,Maverick X xc DPS 1000R                                                                                                                                                                                                                                   ,2015,N,6/18/2015,CCCCCCCCCCCCCCCCCCCCCCCCCCCCCCCC,9/25/2017,9/29/2017,45885,0,84,84,M,0,1,30288,atv
7f7c58c5397cba62c4f245f2177e6589,553,Honda                         ,CTX700N                                                                                                                                                                                                                                                   ,2014,N,6/19/2015,CCCCCCC,9/22/2017,9/30/2017,2032,20,36,36,M,0,2,1784,classic
54c99518cae87d4b90475062318b1553,776,Can-Am                        ,Maverick MAX X ds 1000R Turbo~Maverick MAX X rs 1000R Turbo                                                                                                                                                                                               ,2016,N,6/20/2015,CCCCCCCCCCCCCCCCCCCCCCCC,9/11/2017,10/1/2017,34735,0,60,60,M,0,1,22970,atv
033ddd1d4fd5cfa81feaacc09cc5994c,803,Polaris                       ,Ranger XP 900~Ranger XP 900 Camo~Ranger XP 900 EPS~Ranger XP 900 EPS High Lifter~Ranger XP 900 EPS Hunter~Ranger XP 900 EPS Hunter Dlx~Ranger XP 900 EPS Northstar~Ranger xP 900 EPS Trail                                                                ,2015,N,6/21/2015,CCCCCCCCCCCCCCCCCCCCCCCC,9/22/2017,9/30/2017,15498,2,60,60,M,0,1,6827,utv
e84c22a122cbd79a65dd4ddb2167ad24,711,Kawasaki                      ,Vulcan 900 Classic LT                                                                                                                                                                                                                                     ,2016,N,6/22/2015,CCCCCCCCC,9/24/2017,9/30/2017,31707,0,72,72,M,0,2,28706,utv
94b48e494a3c862ef2cbd60740d8aeb5,712,Honda                         ,CRF150F                                                                                                                                                                                                                                                   ,2016,N,6/23/2015,CCCCCCCCCCCCCCCCC,10/19/2017,10/20/2017,3015,0,36,36,M,0,1,1552,utv
93a7e32e834e1471484b582d749052a9,722,Yamaha                        ,FZ-09                                                                                                                                                                                                                                                     ,2016,N,6/24/2015,CCCCC2C21333LLLLLLLLLLLL,10/27/2016,9/30/2017,5483,11,48,48,M,0,1,1723,utv
627250173c060a8d59d86336b7a38bed,568,Yamaha                        ,YZF-R3                                                                                                                                                                                                                                                    ,2015,N,6/25/2015,CCCCCCCCCCCCC1CCCCCCCCCCCCCCCCCCCCCC,9/8/2017,9/30/2017,19636,0,74,74,M,0,1,13511,classic
f8b3a12f836645b62145f4a51c632fac,701,Honda                         ,CBR1000RR                                                                                                                                                                                                                                                 ,2016,N,6/26/2015,CCCCCCCCCCCCC-CCCCCCCCCCCCCCCCC,10/2/2017,10/2/2017,8436,0,60,60,M,0,1,3993,classic
6b6ce39904044df4471be1b7311b0b80,757,Triumph                       ,Tiger 800 XC~Tiger 800 XCx                                                                                                                                                                                                                                ,2015,N,6/27/2015,CCCCCCCCCCCCCCCCCCCCCCCCCCCCCCCC,9/15/2017,10/4/2017,13339,11,60,60,M,0,2,6850,atv
ab8b3fa1fe7b16d474985f3b9a1d9fd0,794,Polaris                       ,General 1000 EPS~General 1000 EPS Deluxe~General 1000 EPS Premium                                                                                                                                                                                         ,2016,N,6/28/2015,CCCC,9/17/2017,9/30/2017,10000,1,60,60,M,0,1,9604,atv
7f59d0b29aa7741c271d7479777845ee,698,Honda                         ,Grom                                                                                                                                                                                                                                                      ,2015,N,6/29/2015,CCCCCCCCCCCCCCCCCCCC,9/21/2017,9/30/2017,14093,0,54,54,M,0,1,9444,classic
56829aa95ccd6f51420b042bfa067659,696,Yamaha                        ,FZ6R~FZ6R Blue/White                                                                                                                                                                                                                                      ,2013,N,6/30/2015,CCCCCCCCCCCCCCCCCCCCCCCCCCCCCCCCCCC1CCCCCCCCCCCCCCCCCCCCCCCCCC,9/1/2017,9/29/2017,3000,12,69,69,M,0,1,1925,utv
e183ad976759481884456d7f71df4942,835,Indian Motorcycle             ,Chieftain                                                                                                                                                                                                                                                 ,2014,N,7/1/2015,CCCCCCCCCCCCCCCCCCCCCCCCCCCCCCC,10/3/2017,10/7/2017,18500,0,60,60,M,0,2,9388,classic
667c27d55b38abf9b2799f9080be6dd8,774,KTM                           ,250 SX                                                                                                                                                                                                                                                    ,2013,N,7/2/2015,CCCCCCCCCCCCCCCC,10/3/2017,10/3/2017,12623,3A,36,36,M,0,1,6662,utv
1d1ae4a8bafa552222053083d3dfcbdd,656,Polaris                       ,RZR XP 1000 EPS LE~RZR XP 4 1000 EPS                                                                                                                                                                                                                      ,2014,N,7/3/2015,CCCCCCCCCCCCCCCCCCCCCCCCCCCCCCCCCCCCC1C,8/28/2017,9/30/2017,4801,2,50,50,M,0,1,1340,sports bike
44d7b3715e4ddc30dae155e7a0a426f4,766,Ducati                        ,Multistrada 1200 S                                                                                                                                                                                                                                        ,2015,N,7/4/2015,CCCCCCC,9/24/2017,9/29/2017,35738,0,72,72,M,0,1,33333,atv
051e812375f5f02263f9d1cfbb81ff19,782,Victory                       ,Cross Country Blue or Silver~Cross Country Red or White~Cross Country Steel or Gold~Cross Country Titanium                                                                                                                                                ,2014,N,7/5/2015,CCCCCCCCCCCCCCCCCCCCCCCCCCCCCCC,9/30/2017,9/30/2017,11838,3A,36,36,M,0,2,1644,atv
432c4b5f3075f488b5228554b80fa863,710,Can-Am                        ,Maverick MAX X ds 1000R                                                                                                                                                                                                                                   ,2016,N,7/6/2015,CC,9/14/2017,9/30/2017,30054,0,60,60,M,0,5,29427,utv
e9b26490f92154e5d49abd33dd9c0066,783,BMW                           ,S1000RR                                                                                                                                                                                                                                                   ,2015,N,7/7/2015,CCCCCCCCCCCCCCCCCCCCCC,1/1/2017,1/31/2017,9719,3A,36,36,M,0,1,3779,sports bike
9ad55c622b86fbb4a145f902056adf69,780,Kawasaki                      ,Ninja 650 ABS                                                                                                                                                                                                                                             ,2015,N,7/8/2015,CCCCCCCCCCCCCCCCCCCCCCCCCCCC,7/16/2016,7/31/2016,10599,0,40,40,M,0,1,3468,utv
e66a376170d2fda24819641e81b1e13e,565,Polaris                       ,RZR S 800                                                                                                                                                                                                                                                 ,2014,N,7/9/2015,CCC,9/30/2017,9/30/2017,5880,2,36,36,M,0,2,5359,classic
17d4f31d71ca0de206f16365ebe669a1,775,Victory                       ,Cross Country                                                                                                                                                                                                                                             ,2015,N,7/10/2015,CCCCCC,,9/30/2017,26195,0,84,84,M,0,1,25253,atv
8847bac9b2059332e03958dd9309edd7,708,Yamaha                        ,YZ450F                                                                                                                                                                                                                                                    ,2016,N,7/11/2015,CCCCCCCCCCCCC,9/27/2017,10/1/2017,22854,0,72,72,M,0,1,19603,classic
93ec1a1dbbd129a3fe49c7fe169432e7,757,Yamaha                        ,FJR1300A                                                                                                                                                                                                                                                  ,2014,N,7/12/2015,CCCCCCCCCCCCCCCCCCCCCCCCCCCCCCCCCCCCC,10/25/2016,10/23/2017,40646,0,60,60,Y,0,1,26334,classic
74e14a6e89cb6ffa1b1febbb3832a692,588,Kawasaki                      ,Vulcan 900 Classic LT                                                                                                                                                                                                                                     ,2016,N,7/13/2015,CCCCCCCCCCCCC1,8/9/2017,9/30/2017,7000,1,48,48,M,0,1,5773,classic
559450f911236bf857bff2ad5b380311,784,Kawasaki                      ,KX450F                                                                                                                                                                                                                                                    ,2015,N,7/14/2015,CCCCCCCCCCCCCCCCCCCCCCCCCCCCCCCCCCCCCC,9/18/2017,9/30/2017,5900,2,60,60,M,0,1,1878,atv
9ccae70067bab5c4d3ed7e89ae41a208,777,Triumph                       ,Speed Triple R ABS                                                                                                                                                                                                                                        ,2015,N,7/15/2015,CCCCCCCCCCCCCCCCCCCCCCCCCCCC,9/27/2017,9/30/2017,33103,0,60,60,M,0,7,18371,sports bike
6b2e95e240f0e323fb8b81e5248ef379,736,Polaris                       ,Ranger XP 900 EPS~Ranger XP 900 EPS High Lifter~Ranger XP 900 EPS Hunter~Ranger XP 900 EPS Hunter Dlx~Ranger XP 900 EPS Northstar~Ranger xP 900 EPS Trail                                                                                                 ,2015,N,7/16/2015,CCCCCCCCCCCCCCCCCCCCCCCCCCCCCCCCC,10/20/2017,10/25/2017,22218,0,72,72,M,0,2,14265,classic
9568d8167a92be8c20c9d43d6fb15508,656,BMW                           ,R1200GS Adventure                                                                                                                                                                                                                                         ,2016,N,7/17/2015,CC1212CLLLLLLLLL,12/29/2016,9/29/2017,35533,3A,36,36,M,0,1,12582,atv
1fe528abe668e9896d158f5489b92aa8,675,Kawasaki                      ,Mule 610 4X4 XC~Mule 610 4X4 XC Camo                                                                                                                                                                                                                      ,2015,N,7/18/2015,CCCCCCCCCCCCCCCCCCCCCCCCCCCCCCCCCCCCCCCCCCCCCCCCCCCCCCC,9/8/2017,9/30/2017,19256,0,72,72,M,0,5,4840,utv
e89018f40a24e12bddecc5e48af01012,743,Suzuki                        ,V-Strom 650 ABS                                                                                                                                                                                                                                           ,2013,N,7/19/2015,CCCCCCCCCCCCCCCCCCCCCCCCCCCCCCCCCCCCCCCCC,9/26/2017,9/30/2017,7385,11,60,60,M,0,1,2462,sports bike
f42f3d8d2abce2ccbd08992329318e50,846,Polaris                       ,RZR 900~RZR 900 EPS~RZR 900 EPS LE                                                                                                                                                                                                                        ,2014,N,7/20/2015,CCCCCCCCCCCCCCCCCCCCCCCCCCCCCCCCCCCCCCCCCCCCCCCCCCC,9/20/2017,9/30/2017,16745,11,60,60,M,0,2,3192,atv
0c8bb3266a22f49766827b166806e48f,588,Honda                         ,CRF50F                                                                                                                                                                                                                                                    ,2014,N,7/21/2015,CCCCCCCCCCCCCCCCCCCCCC,9/20/2017,9/30/2017,27016,0,75,75,M,0,2,20661,utv
1c450c81d9a540153a4bb9dc528c0185,634,Polaris                       ,RZR 170                                                                                                                                                                                                                                                   ,2016,N,7/22/2015,CCCCCCCCCCCCCCCC,9/25/2017,9/30/2017,5056,11,36,36,M,0,1,3105,atv
f655aaa39c5d8a431ffd937a6fd8c038,722,Honda                         ,Pioneer 700                                                                                                                                                                                                                                               ,2015,N,7/23/2015,CCCCCCCCCCCCCCCCCCCCCCCCCCCCCCCCCCCCCC,8/3/2017,10/2/2017,43337,6A,60,60,Y,0,1,18330,classic
14cd0dc3abc7fdaf4ecf372ecdf9ea1d,693,Indian Motorcycle             ,Chief Vintage                                                                                                                                                                                                                                             ,2015,N,7/24/2015,CCCCCCCCCCCCCCCCCCCCCCCCCCCC,9/20/2017,9/30/2017,17666,11,73,73,M,0,1,11511,classic
73279be6d4992b5d34e153b5caf63feb,772,Polaris                       ,Ranger Crew 900 EPS Camo~Ranger Crew 900 EPS LE                                                                                                                                                                                                           ,2014,N,7/25/2015,CCCCCCCCCCCCCCCCCCCCCCCCCCCCCCCCCCC,9/6/2017,9/30/2017,12903,2,60,60,M,0,1,5463,atv
ad4f433160dbe864ade0b918c1847af3,844,Polaris                       ,Ranger Crew 570-6~Ranger Crew XP 570-6 EPS                                                                                                                                                                                                                ,2016,N,7/26/2015,CCCCCCCCCCCCCCCCCCCCCCCCCCCC,9/12/2017,9/30/2017,5500,1,60,60,M,0,1,3415,sports bike
736c3f9e345cd22efea33aedf962ab79,875,Honda                         ,CRF250R                                                                                                                                                                                                                                                   ,2015,N,7/27/2015,CCCCCCC,9/12/2017,9/30/2017,26132,2,36,36,M,0,2,21555,classic
07b7a292561f3b8edf4d90c4ed4c4ec9,682,Ducati                        ,XDiavel                                                                                                                                                                                                                                                   ,2016,N,7/28/2015,CCCCCCCCCCCCCCCCCC,10/16/2017,10/16/2017,21467,3A,39,39,M,0,1,11559,sports bike
877ef7a012c5b25ca770e53312df488b,716,Polaris                       ,Sportsman 570 EPS~Sportsman 570 EPS Camo                                                                                                                                                                                                                  ,2016,N,7/29/2015,CCCCCCCCCCC-CCCCCCCCCCCCCCCCCC,10/10/2017,10/20/2017,13164,11,60,60,M,0,2,6999,atv
675a92f458f2b07f4c7e78d64e79ce52,718,Yamaha                        ,YZF-R3                                                                                                                                                                                                                                                    ,2015,N,7/30/2015,CCCCCCCCCCCCCCCCCCCCCC,10/6/2017,10/25/2017,7261,2,48,48,M,0,2,4494,classic
a69b7ec7edf1f8699fcf8f01a1d05a3a,765,Suzuki                        ,V-Strom 650 ABS                                                                                                                                                                                                                                           ,2014,N,7/31/2015,CCCCCCCCCCCCCCCC,9/15/2017,9/30/2017,15894,3A,36,36,M,0,7,8830,sports bike
242a32a37a143dd16c3009025ad40fa7,742,Honda                         ,CRF250L                                                                                                                                                                                                                                                   ,2014,N,8/1/2015,C,10/4/2017,10/8/2017,2138,0,30,30,M,0,2,2060,atv
a4ca0e77f8cf95f29527dba9efdde061,656,Yamaha                        ,YZ85                                                                                                                                                                                                                                                      ,2015,N,8/2/2015,CCCCCCCCCCCCCCCCCCCC,9/12/2017,9/30/2017,9838,0,48,48,M,0,1,6016,atv
1ae0d6e5e2d11119ab0425520f5edf36,743,BMW                           ,R1200GS                                                                                                                                                                                                                                                   ,2016,N,8/3/2015,CCCCCCCCCCCCCCCCCCCCCCCCCCCCCCCCCCCCCCCCCCCCCCCCCCCCCCC,9/28/2017,9/30/2017,35154,0,61,61,M,0,1,5073,sports bike
6331cf5172bbf134a9d0a0b7632e18fe,779,Honda                         ,Foreman 4x4 ES                                                                                                                                                                                                                                            ,2014,N,8/4/2015,CCCCCCCCCCCCCCCCCCCCCCCCCCCCCCCCCCCCCCCCCCCCCCCCCCCCC,9/12/2017,9/30/2017,33552,0,75,75,M,0,1,11112,atv
75a1b29e344d444c367d662a219852a0,859,Honda                         ,GW Audio Comfort Navi XM~GW Audio Comfort Navi XM ABS                                                                                                                                                                                                     ,2015,N,8/5/2015,CCCCCCCCCCCCCCCCCCCCCCCCCCCCC,10/17/2017,10/23/2017,13093,0,72,72,M,0,2,8553,utv
aef80c9957652df3a867ce421bd760dd,792,Kawasaki                      ,KLR650 Camo                                                                                                                                                                                                                                               ,2016,N,8/6/2015,CCCCCCCCCCCCCCCCCCCCCCCCCCCCCCCCC,9/20/2017,10/1/2017,11815,0,60,60,M,0,2,5748,sports bike
eb89236373efec637e0654c30992af53,696,Suzuki                        ,GSX-R1000                                                                                                                                                                                                                                                 ,2015,N,8/7/2015,CCCCCCCCCCCCCCCCCCCCCCCCCCCCCCCCCC,,9/30/2017,36733,0,72,72,M,0,1,20450,utv
5fcedab0d12e1746a93a2a236b67bbb1,602,Indian Motorcycle             ,Chief Dark Horse                                                                                                                                                                                                                                          ,2016,N,8/8/2015,C,,9/30/2017,1200,12,82,82,D,0,1,1580,atv
1b1c94c91446369253d80f3bd5708cd9,764,Honda                         ,CRF80F                                                                                                                                                                                                                                                    ,2013,N,8/9/2015,CCCCCCCCC,9/22/2017,9/30/2017,26843,0,73,73,M,0,2,25150,atv
42ecffad7460c59ba8ae5cc2ea30ce67,863,BMW                           ,S1000R                                                                                                                                                                                                                                                    ,2016,N,8/10/2015,CCCCCCCCCCCCCCCC,8/26/2017,9/26/2017,13586,0,60,60,M,0,1,10654,classic
