application_id,fico,vehicle_make,vehicle_model,vehicle_year,vehicle_condition,open_date,payment_profile,last_payment_date,balance_date,original_amount,enhanced_acct_type_code,term_months,terms_duration,terms_frequency_code,high_balance,ecoa,balance_amount
115732a2527c01cb9f42975ea31a5691,639,Honda                         ,Grom                                                                                                                                                                                                                                                      ,2015,N,2015-04-24 00:00:00.000000,CCCCCCCCCCCCCCCCCCCCCCCCCCCCCC,,2017-09-30,4200,02,60,60,M,0,1,2660
f99f54577f3eac50cec2bfddee4a9517,438,Honda                         ,CRF250R                                                                                                                                                                                                                                                   ,2015,N,2016-04-29 00:00:00.000000,CCCCCCCCCCCCCCCCC,2017-09-29,2017-09-29,24319,00,72,72,M,0,2,20776
85445fa3f31fd45db06d1b576a7e0d45,713,Suzuki                        ,C50 BOSS                                                                                                                                                                                                                                                  ,2014,N,2015-09-19 00:00:00.000000,CCCCCCCCCCCCCCCCCCCCCCCCC,2017-10-17,2017-10-17,16103,3A,39,39,M,0,1,5367
8775a0f23933ac40daf16a70bca869a0,622,Polaris                       ,Ranger Crew 570 EFI Camo                                                                                                                                                                                                                                  ,2014,N,2017-06-13 00:00:00.000000,CCCC,2017-09-29,2017-09-30,23637,00,72,72,M,0,2,23025
45c1fa4680f81dc5571285e1d708127c,622,Polaris                       ,General 1000 EPS~General 1000 EPS Deluxe~General 1000 EPS Premium                                                                                                                                                                                         ,2016,N,2016-06-06 00:00:00.000000,CCCCCCCCCCCCCCCC,2017-09-20,2017-09-30,22572,11,72,72,M,0,2,19551
ba308df618bb7b8eb79211f881f76b79,709,Polaris                       ,RZR XP 4 1000 EPS                                                                                                                                                                                                                                         ,2015,N,2015-03-07 00:00:00.000000,CCCCCCCCCCCCCCCCCCCCCCCCCCCCCCC,2017-08-21,2017-09-30,22725,11,60,60,M,0,1,11849
81f79a167aeb8b1fea1d3d5530f6bbf1,703,Kawasaki                      ,KLR650                                                                                                                                                                                                                                                    ,2014,N,2016-08-20 00:00:00.000000,CCCCCCCCCCCCCC,2017-09-01,2017-09-29,35829,02,84,84,M,0,1,31183
136855262bbce573d76ab474645dc0a1,688,Can-Am                        ,Outlander L 450~Outlander L DPS 450~Outlander L DPS 450 Camo                                                                                                                                                                                              ,2015,N,2014-02-05 00:00:00.000000,CCCCCCCCCCCCCCCCCCCCCCCCCCCCCCCCCCCCCCCCCCCCC,2017-10-12,2017-10-16,31623,00,84,84,M,0,1,18748
4f3e01964be9c865d9a3c261b6deff23,657,Kawasaki                      ,Ninja ZX6R                                                                                                                                                                                                                                                ,2013,N,2014-06-04 00:00:00.000000,CCCCCCCCCCCCCCCCC1234LLLLLLLLLLLL,2015-09-02,2017-02-18,24219,00,84,84,M,0,1,22103
6e55b928bfc877b211f8fe46d4bb3e5d,722,Yamaha                        ,FZ6R~FZ6R Blue/White                                                                                                                                                                                                                                      ,2013,N,2015-05-23 00:00:00.000000,CCCCCCCCCCCCCCCCCCCCCCCCCCCCCC,2017-10-09,2017-10-09,32010,00,61,61,M,0,7,17072
eb3b611a3e9001e9a45f77173e3f21fa,682,Yamaha                        ,YZ250                                                                                                                                                                                                                                                     ,2015,N,2016-02-24 00:00:00.000000,CCCCCCCCC,2017-09-01,2017-09-30,10596,20,60,60,M,0,1,7397
6e335f38551e7282af5d39903eab15bc,690,Polaris                       ,Slingshot SL~Slingshot SL LE Black Pearl~Slingshot SL LE White Pearl                                                                                                                                                                                      ,2016,N,2015-08-13 00:00:00.000000,CCCCCCCCCCCCCCCCCCCCCCCCCC,2017-09-15,2017-09-30,29945,11,72,72,M,0,2,21062
17be316da6339a3186db3aa2df289807,714,Kawasaki                      ,Teryx4 LE                                                                                                                                                                                                                                                 ,2016,N,2016-02-10 00:00:00.000000,CCCCCCCCCCCCCCCCCCCC,2017-09-08,2017-09-30,17598,02,84,84,M,0,1,14745
fb034884abcf519d45807f50390df68f,775,Triumph                       ,Street Triple R ABS                                                                                                                                                                                                                                       ,2014,N,2015-05-06 00:00:00.000000,CCCCCCCCCCCCCCCCCCCCCCCCCCCCC,2017-09-07,2017-09-30,9968,02,48,48,M,0,1,4281
8682c03b63416d4af1673193ff17cc83,749,Yamaha                        ,YZ450F                                                                                                                                                                                                                                                    ,2016,N,2016-07-13 00:00:00.000000,CCCCCCCCCCCCCCC,2017-09-22,2017-09-30,44728,00,60,60,M,0,1,34744
1b47bf5db3b4e1ae847991a725b129e2,639,Yamaha                        ,TT-R110E                                                                                                                                                                                                                                                  ,2014,N,2017-03-20 00:00:00.000000,CCCCCCC,2017-09-05,2017-09-30,12483,00,60,60,M,0,2,11639
9070c82943db17b48ded0237d1a4c690,855,Kawasaki                      ,Brute Force 300                                                                                                                                                                                                                                           ,2013,N,2016-12-22 00:00:00.000000,CCCCCCCCCCC,2017-09-28,2017-10-23,5466,3A,24,24,M,0,2,3188
87a87548a4c67f5f51158fca2e0d05ec,681,Triumph                       ,Speedmaster                                                                                                                                                                                                                                               ,2014,N,2015-05-16 00:00:00.000000,CCCCCCCCCCCCCCCCCCCCCCCCCCCCC,2017-09-28,2017-09-30,2537,02,48,48,M,0,2,1132
2c6a5c2b845cab129acfc5b7712538e9,710,Yamaha                        ,YZF-R1                                                                                                                                                                                                                                                    ,2014,N,2017-08-01 00:00:00.000000,CC,2017-09-30,2017-09-30,25912,00,72,72,M,0,2,25450
e8a1d3b42fcc98617bb05843f0dc66df,773,Kawasaki                      ,KLX110L                                                                                                                                                                                                                                                   ,2015,N,2015-10-26 00:00:00.000000,CCCCCCCCCCCCCCCCCCCCCCCC,2017-05-15,2017-09-30,42358,00,84,84,M,0,1,32713
8cb9f476ecba72b2e48181a5096b7017,790,Victory                       ,Cross Country Tour~Cross Country Tour 15th Anv                                                                                                                                                                                                            ,2014,N,2015-11-07 00:00:00.000000,CCCCCCCCCCCCCCCCCCCCCCCC,2017-09-11,2017-09-29,15138,00,75,75,M,0,1,10860
01332867c7e28f1337e7f21df7b647b3,694,Honda                         ,Grom                                                                                                                                                                                                                                                      ,2014,N,2015-06-24 00:00:00.000000,CCCCCCCCCCCCCCCCCCCC1CCCCCCC,2017-09-09,2017-09-30,3000,01,36,36,M,0,1,1240
3bdf917d2520b011585ab6f28a0377a8,680,Can-Am                        ,Outlander XT 500                                                                                                                                                                                                                                          ,2013,N,2014-08-08 00:00:00.000000,CCCCCCCCCCCCCCCCCCCCCCCCCCCCCCCCCCCCCCC,2017-10-15,2017-10-16,14764,00,72,72,M,0,2,8716
9eeda65e0801a4c4ab8c6c30a491352b,665,Yamaha                        ,YFZ450R                                                                                                                                                                                                                                                   ,2013,N,2014-10-21 00:00:00.000000,CCCCCCCCCCCCCCCCCCCCCCCCCCCCCCCCCCCC,2017-09-05,2017-09-29,25455,00,72,72,M,0,1,15003
41213d75c01647e778e939f36e7b8dfa,663,Polaris                       ,Sportsman 550 EPS~Sportsman 550 EPS Browning LE~Sportsman 550 EPS Camo                                                                                                                                                                                    ,2014,N,2017-06-17 00:00:00.000000,CCCC,2017-09-17,2017-09-29,16055,00,75,75,M,0,2,15581
85f468b96e02a4a450174bba19a863b5,784,KTM                           ,690 Enduro R                                                                                                                                                                                                                                              ,2016,N,2016-05-21 00:00:00.000000,CCCCCCCCCCCCCCCCC,2017-09-18,2017-10-01,11839,11,60,60,M,0,1,8862
e446e473ed5686faea8c0d4ac5d44993,688,Yamaha                        ,YZ250F                                                                                                                                                                                                                                                    ,2015,N,2015-06-08 00:00:00.000000,CCCCCCCCCCCCCCCCCCCCCCCCCCCC,2017-09-19,2017-09-30,41132,00,72,72,M,0,1,27093
91aac052ba3cd82c10d6ed78de02f891,731,Can-Am                        ,Commander XT 800R~Commander XT 800R Camo                                                                                                                                                                                                                  ,2015,N,2017-08-22 00:00:00.000000,CC,2017-09-29,2017-09-29,24382,06,72,72,M,0,2,24123
175f815771d0ca23809fc530ee5e64cc,832,Polaris                       ,RZR 900~RZR 900 EPS~RZR 900 EPS Camo                                                                                                                                                                                                                      ,2016,N,2016-04-29 00:00:00.000000,CCCCCCCCCCCCCCCCCC,2017-09-01,2017-09-30,12609,02,36,36,M,0,2,7161
6c8ffc1b1742b4972e0828deb600c34f,701,Indian Motorcycle             ,Scout                                                                                                                                                                                                                                                     ,2015,N,2013-10-28 00:00:00.000000,CCCCCCCCCCCCCCCCCCCCCCCCCCCCCCCCCCCCCCCCCCCCCCC,2017-09-05,2017-09-30,17281,00,72,72,M,0,1,3918
7cfa8a52a8c04faa4f7cbe8a1bfa07eb,601,Yamaha                        ,YZF-R3                                                                                                                                                                                                                                                    ,2015,N,2017-09-25 00:00:00.000000,C,,2017-09-30,12500,20,37,37,M,0,1,12534
ed48b0b1b3f2bf552cfeb8f647a32a8a,631,Polaris                       ,RZR S 800                                                                                                                                                                                                                                                 ,2014,N,2015-08-08 00:00:00.000000,CCCCCCCCCCCCCCCCCCCCCCCCCC,2017-09-08,2017-09-30,20748,00,66,66,M,0,1,13516
cc5c6013be074548267bd19c2f0e9742,532,Polaris                       ,Ranger Crew XP 900-6 EPS~Ranger Crew XP 900-6 EPS Camo                                                                                                                                                                                                    ,2016,N,2016-07-30 00:00:00.000000,CCCCCCCCCCCCCC,2017-08-05,2017-09-30,15830,00,60,60,M,0,1,12972
c2656386d566f2a38d137afd1c19977a,734,Honda                         ,CTX700                                                                                                                                                                                                                                                    ,2015,N,2016-03-22 00:00:00.000000,CCCCCCCCCCCCCCCCCCC,2017-09-16,2017-09-30,5620,02,60,60,M,0,1,3586
02462eb09d0f5003ef3cca024d8323ed,856,Hyosung                       ,GV250 Aquila                                                                                                                                                                                                                                              ,2014,N,2017-01-31 00:00:00.000000,CCCCCCC,2017-08-01,2017-08-31,24454,3A,36,36,M,0,2,6926
630cd95cdfe738a6bf15de6a60dc8c7f,761,Polaris                       ,Slingshot SL~Slingshot SL LE Black Pearl~Slingshot SL LE White Pearl                                                                                                                                                                                      ,2016,N,2013-01-21 00:00:00.000000,CC----------------------------CCCCCCCCCCC,2017-10-20,2017-10-23,2250,12,72,72,M,0,2,2985
b88e9553af8be5b652a749fb1e82008e,741,Honda                         ,CB1100                                                                                                                                                                                                                                                    ,2014,N,2014-11-15 00:00:00.000000,CCCCCCCCCCCCCCCCCCCCCCCCCCCCCCCCCCC,2017-08-15,2017-09-15,14721,3A,39,39,M,0,1,1887
ce90a2912720f17188cee388a62830c7,695,Honda                         ,CRF250R                                                                                                                                                                                                                                                   ,2014,N,2017-03-31 00:00:00.000000,CCCCCC,2017-09-24,2017-09-30,33875,00,75,75,M,0,2,32235
d6e92c58bfe12be9da0d3d5f690290bf,790,Can-Am                        ,Defender XT HD8~Defender XT HD8 Camo                                                                                                                                                                                                                      ,2016,N,2017-01-04 00:00:00.000000,CCCCCCCC,2017-09-04,2017-09-30,7392,02,48,48,M,0,1,6201
ea65fec8da51597ac89765da37502e17,717,Yamaha                        ,FJR1300ES                                                                                                                                                                                                                                                 ,2015,N,2015-09-30 00:00:00.000000,CCCCCCCCCCCCCCCCCCCCCCCC,2017-09-30,2017-09-30,22160,02,84,84,M,0,1,16739
09947d2f08fc626d706386019cc01cd0,784,Polaris                       ,General 1000 EPS~General 1000 EPS Deluxe~General 1000 EPS Premium                                                                                                                                                                                         ,2016,N,2013-06-30 00:00:00.000000,CCCCCCCCCCCCCCCCCCCCCCCCCCCCCCCCCCCCCCCCCCCCCCCCCCC,2017-09-19,2017-09-30,30153,00,72,72,M,0,2,9459
ed7fb15b0409513cc4cd367b2f1ca81c,622,Polaris                       ,Sportsman 850 SP                                                                                                                                                                                                                                          ,2015,N,2017-09-21 00:00:00.000000,C,,2017-10-20,3470,02,36,36,M,0,1,3558
cb2eecea5792865fa2b6aa5704ae078a,732,Kymco                         ,MXU 500i                                                                                                                                                                                                                                                  ,2016,N,2016-03-28 00:00:00.000000,CCCCCCCCCCCCCCCCCC,2017-09-27,2017-09-30,23342,3A,42,42,M,0,1,12782
743498c662bd3e2889cc36dae6c50169,694,Honda                         ,VT1300CT Interstate                                                                                                                                                                                                                                       ,2014,N,2014-12-26 00:00:00.000000,CCCCCCCCCCCCCCCCCCCCCCCCCCCCCCCCCC,2017-09-26,2017-09-29,25918,00,75,75,M,0,1,15500
c0f91f1711c8cb22cf51d37f8751c3d1,779,Ducati                        ,Streetfighter 848                                                                                                                                                                                                                                         ,2014,N,2017-08-15 00:00:00.000000,CC,2017-09-14,2017-09-30,6465,00,72,72,M,0,1,6380
93f32f16914bc89dc5bf817c8dc602b4,671,Kawasaki                      ,Ninja 300                                                                                                                                                                                                                                                 ,2016,N,2016-03-19 00:00:00.000000,CCCCCCCCCCCCCCCCCCC,2017-09-22,2017-09-30,4379,11,60,60,M,0,1,3357
11060ed47c690a514cde4ab3ac175150,720,Can-Am                        ,Maverick X xc DPS 1000R                                                                                                                                                                                                                                   ,2015,N,2015-03-26 00:00:00.000000,CCCCCCCCCCCCCCCCCCCCCCCCCCCCCCCC,2017-09-25,2017-09-29,45885,00,84,84,M,0,1,30288
7f7c58c5397cba62c4f245f2177e6589,553,Honda                         ,CTX700N                                                                                                                                                                                                                                                   ,2014,N,2017-03-01 00:00:00.000000,CCCCCCC,2017-09-22,2017-09-30,2032,20,36,36,M,0,2,1784
54c99518cae87d4b90475062318b1553,776,Can-Am                        ,Maverick MAX X ds 1000R Turbo~Maverick MAX X rs 1000R Turbo                                                                                                                                                                                               ,2016,N,2015-11-27 00:00:00.000000,CCCCCCCCCCCCCCCCCCCCCCCC,2017-09-11,2017-10-01,34735,00,60,60,M,0,1,22970
033ddd1d4fd5cfa81feaacc09cc5994c,803,Polaris                       ,Ranger XP 900~Ranger XP 900 Camo~Ranger XP 900 EPS~Ranger XP 900 EPS High Lifter~Ranger XP 900 EPS Hunter~Ranger XP 900 EPS Hunter Dlx~Ranger XP 900 EPS Northstar~Ranger xP 900 EPS Trail                                                                ,2015,N,2015-09-28 00:00:00.000000,CCCCCCCCCCCCCCCCCCCCCCCC,2017-09-22,2017-09-30,15498,02,60,60,M,0,1,6827
e84c22a122cbd79a65dd4ddb2167ad24,711,Kawasaki                      ,Vulcan 900 Classic LT                                                                                                                                                                                                                                     ,2016,N,2017-01-14 00:00:00.000000,CCCCCCCCC,2017-09-24,2017-09-30,31707,00,72,72,M,0,2,28706
94b48e494a3c862ef2cbd60740d8aeb5,712,Honda                         ,CRF150F                                                                                                                                                                                                                                                   ,2016,N,2016-05-20 00:00:00.000000,CCCCCCCCCCCCCCCCC,2017-10-19,2017-10-20,3015,00,36,36,M,0,1,1552
93a7e32e834e1471484b582d749052a9,722,Yamaha                        ,FZ-09                                                                                                                                                                                                                                                     ,2016,N,2015-10-01 00:00:00.000000,CCCCC2C21333LLLLLLLLLLLL,2016-10-27,2017-09-30,5483,11,48,48,M,0,1,1723
627250173c060a8d59d86336b7a38bed,568,Yamaha                        ,YZF-R3                                                                                                                                                                                                                                                    ,2015,N,2014-10-02 00:00:00.000000,CCCCCCCCCCCCC1CCCCCCCCCCCCCCCCCCCCCC,2017-09-08,2017-09-30,19636,00,74,74,M,0,1,13511
f8b3a12f836645b62145f4a51c632fac,701,Honda                         ,CBR1000RR                                                                                                                                                                                                                                                 ,2016,N,2015-03-31 00:00:00.000000,CCCCCCCCCCCCC-CCCCCCCCCCCCCCCCC,2017-10-02,2017-10-02,8436,00,60,60,M,0,1,3993
6b6ce39904044df4471be1b7311b0b80,757,Triumph                       ,Tiger 800 XC~Tiger 800 XCx                                                                                                                                                                                                                                ,2015,N,2015-02-09 00:00:00.000000,CCCCCCCCCCCCCCCCCCCCCCCCCCCCCCCC,2017-09-15,2017-10-04,13339,11,60,60,M,0,2,6850
ab8b3fa1fe7b16d474985f3b9a1d9fd0,794,Polaris                       ,General 1000 EPS~General 1000 EPS Deluxe~General 1000 EPS Premium                                                                                                                                                                                         ,2016,N,2017-06-05 00:00:00.000000,CCCC,2017-09-17,2017-09-30,10000,01,60,60,M,0,1,9604
7f59d0b29aa7741c271d7479777845ee,698,Honda                         ,Grom                                                                                                                                                                                                                                                      ,2015,N,2016-02-26 00:00:00.000000,CCCCCCCCCCCCCCCCCCCC,2017-09-21,2017-09-30,14093,00,54,54,M,0,1,9444
56829aa95ccd6f51420b042bfa067659,696,Yamaha                        ,FZ6R~FZ6R Blue/White                                                                                                                                                                                                                                      ,2013,N,2012-08-10 00:00:00.000000,CCCCCCCCCCCCCCCCCCCCCCCCCCCCCCCCCCC1CCCCCCCCCCCCCCCCCCCCCCCCCC,2017-09-01,2017-09-29,3000,12,69,69,M,0,1,1925
e183ad976759481884456d7f71df4942,835,Indian Motorcycle             ,Chieftain                                                                                                                                                                                                                                                 ,2014,N,2015-03-23 00:00:00.000000,CCCCCCCCCCCCCCCCCCCCCCCCCCCCCCC,2017-10-03,2017-10-07,18500,00,60,60,M,0,2,9388
667c27d55b38abf9b2799f9080be6dd8,774,KTM                           ,250 SX                                                                                                                                                                                                                                                    ,2013,N,2016-06-11 00:00:00.000000,CCCCCCCCCCCCCCCC,2017-10-03,2017-10-03,12623,3A,36,36,M,0,1,6662
1d1ae4a8bafa552222053083d3dfcbdd,656,Polaris                       ,RZR XP 1000 EPS LE~RZR XP 4 1000 EPS                                                                                                                                                                                                                      ,2014,N,2014-06-26 00:00:00.000000,CCCCCCCCCCCCCCCCCCCCCCCCCCCCCCCCCCCCC1C,2017-08-28,2017-09-30,4801,02,50,50,M,0,1,1340
44d7b3715e4ddc30dae155e7a0a426f4,766,Ducati                        ,Multistrada 1200 S                                                                                                                                                                                                                                        ,2015,N,2017-03-09 00:00:00.000000,CCCCCCC,2017-09-24,2017-09-29,35738,00,72,72,M,0,1,33333
051e812375f5f02263f9d1cfbb81ff19,782,Victory                       ,Cross Country Blue or Silver~Cross Country Red or White~Cross Country Steel or Gold~Cross Country Titanium                                                                                                                                                ,2014,N,2015-03-19 00:00:00.000000,CCCCCCCCCCCCCCCCCCCCCCCCCCCCCCC,2017-09-30,2017-09-30,11838,3A,36,36,M,0,2,1644
432c4b5f3075f488b5228554b80fa863,710,Can-Am                        ,Maverick MAX X ds 1000R                                                                                                                                                                                                                                   ,2016,N,2017-08-15 00:00:00.000000,CC,2017-09-14,2017-09-30,30054,00,60,60,M,0,5,29427
e9b26490f92154e5d49abd33dd9c0066,783,BMW                           ,S1000RR                                                                                                                                                                                                                                                   ,2015,N,2015-04-08 00:00:00.000000,CCCCCCCCCCCCCCCCCCCCCC,2017-01-01,2017-01-31,9719,3A,36,36,M,0,1,3779
9ad55c622b86fbb4a145f902056adf69,780,Kawasaki                      ,Ninja 650 ABS                                                                                                                                                                                                                                             ,2015,N,2014-04-28 00:00:00.000000,CCCCCCCCCCCCCCCCCCCCCCCCCCCC,2016-07-16,2016-07-31,10599,00,40,40,M,0,1,3468
e66a376170d2fda24819641e81b1e13e,565,Polaris                       ,RZR S 800                                                                                                                                                                                                                                                 ,2014,N,2017-06-22 00:00:00.000000,CCC,2017-09-30,2017-09-30,5880,02,36,36,M,0,2,5359
17d4f31d71ca0de206f16365ebe669a1,775,Victory                       ,Cross Country                                                                                                                                                                                                                                             ,2015,N,2017-04-29 00:00:00.000000,CCCCCC,,2017-09-30,26195,00,84,84,M,0,1,25253
8847bac9b2059332e03958dd9309edd7,708,Yamaha                        ,YZ450F                                                                                                                                                                                                                                                    ,2016,N,2016-09-16 00:00:00.000000,CCCCCCCCCCCCC,2017-09-27,2017-10-01,22854,00,72,72,M,0,1,19603
93ec1a1dbbd129a3fe49c7fe169432e7,757,Yamaha                        ,FJR1300A                                                                                                                                                                                                                                                  ,2014,N,2014-10-22 00:00:00.000000,CCCCCCCCCCCCCCCCCCCCCCCCCCCCCCCCCCCCC,2016-10-25,2017-10-23,40646,00,60,60,Y,0,1,26334
74e14a6e89cb6ffa1b1febbb3832a692,588,Kawasaki                      ,Vulcan 900 Classic LT                                                                                                                                                                                                                                     ,2016,N,2016-08-30 00:00:00.000000,CCCCCCCCCCCCC1,2017-08-09,2017-09-30,7000,01,48,48,M,0,1,5773
559450f911236bf857bff2ad5b380311,784,Kawasaki                      ,KX450F                                                                                                                                                                                                                                                    ,2015,N,2014-08-07 00:00:00.000000,CCCCCCCCCCCCCCCCCCCCCCCCCCCCCCCCCCCCCC,2017-09-18,2017-09-30,5900,02,60,60,M,0,1,1878
9ccae70067bab5c4d3ed7e89ae41a208,777,Triumph                       ,Speed Triple R ABS                                                                                                                                                                                                                                        ,2015,N,2015-06-16 00:00:00.000000,CCCCCCCCCCCCCCCCCCCCCCCCCCCC,2017-09-27,2017-09-30,33103,00,60,60,M,0,7,18371
6b2e95e240f0e323fb8b81e5248ef379,736,Polaris                       ,Ranger XP 900 EPS~Ranger XP 900 EPS High Lifter~Ranger XP 900 EPS Hunter~Ranger XP 900 EPS Hunter Dlx~Ranger XP 900 EPS Northstar~Ranger xP 900 EPS Trail                                                                                                 ,2015,N,2015-02-03 00:00:00.000000,CCCCCCCCCCCCCCCCCCCCCCCCCCCCCCCCC,2017-10-20,2017-10-25,22218,00,72,72,M,0,2,14265
9568d8167a92be8c20c9d43d6fb15508,656,BMW                           ,R1200GS Adventure                                                                                                                                                                                                                                         ,2016,N,2016-06-22 00:00:00.000000,CC1212CLLLLLLLLL,2016-12-29,2017-09-29,35533,3A,36,36,M,0,1,12582
1fe528abe668e9896d158f5489b92aa8,675,Kawasaki                      ,Mule 610 4X4 XC~Mule 610 4X4 XC Camo                                                                                                                                                                                                                      ,2015,N,2013-03-01 00:00:00.000000,CCCCCCCCCCCCCCCCCCCCCCCCCCCCCCCCCCCCCCCCCCCCCCCCCCCCCCC,2017-09-08,2017-09-30,19256,00,72,72,M,0,5,4840
e89018f40a24e12bddecc5e48af01012,743,Suzuki                        ,V-Strom 650 ABS                                                                                                                                                                                                                                           ,2013,N,2014-05-24 00:00:00.000000,CCCCCCCCCCCCCCCCCCCCCCCCCCCCCCCCCCCCCCCCC,2017-09-26,2017-09-30,7385,11,60,60,M,0,1,2462
f42f3d8d2abce2ccbd08992329318e50,846,Polaris                       ,RZR 900~RZR 900 EPS~RZR 900 EPS LE                                                                                                                                                                                                                        ,2014,N,2013-07-18 00:00:00.000000,CCCCCCCCCCCCCCCCCCCCCCCCCCCCCCCCCCCCCCCCCCCCCCCCCCC,2017-09-20,2017-09-30,16745,11,60,60,M,0,2,3192
0c8bb3266a22f49766827b166806e48f,588,Honda                         ,CRF50F                                                                                                                                                                                                                                                    ,2014,N,2015-12-31 00:00:00.000000,CCCCCCCCCCCCCCCCCCCCCC,2017-09-20,2017-09-30,27016,00,75,75,M,0,2,20661
1c450c81d9a540153a4bb9dc528c0185,634,Polaris                       ,RZR 170                                                                                                                                                                                                                                                   ,2016,N,2016-06-14 00:00:00.000000,CCCCCCCCCCCCCCCC,2017-09-25,2017-09-30,5056,11,36,36,M,0,1,3105
f655aaa39c5d8a431ffd937a6fd8c038,722,Honda                         ,Pioneer 700                                                                                                                                                                                                                                               ,2015,N,2014-07-31 00:00:00.000000,CCCCCCCCCCCCCCCCCCCCCCCCCCCCCCCCCCCCCC,2017-08-03,2017-10-02,43337,6A,60,60,Y,0,1,18330
14cd0dc3abc7fdaf4ecf372ecdf9ea1d,693,Indian Motorcycle             ,Chief Vintage                                                                                                                                                                                                                                             ,2015,N,2015-06-09 00:00:00.000000,CCCCCCCCCCCCCCCCCCCCCCCCCCCC,2017-09-20,2017-09-30,17666,11,73,73,M,0,1,11511
73279be6d4992b5d34e153b5caf63feb,772,Polaris                       ,Ranger Crew 900 EPS Camo~Ranger Crew 900 EPS LE                                                                                                                                                                                                           ,2014,N,2014-11-18 00:00:00.000000,CCCCCCCCCCCCCCCCCCCCCCCCCCCCCCCCCCC,2017-09-06,2017-09-30,12903,02,60,60,M,0,1,5463
ad4f433160dbe864ade0b918c1847af3,844,Polaris                       ,Ranger Crew 570-6~Ranger Crew XP 570-6 EPS                                                                                                                                                                                                                ,2016,N,2015-06-03 00:00:00.000000,CCCCCCCCCCCCCCCCCCCCCCCCCCCC,2017-09-12,2017-09-30,5500,01,60,60,M,0,1,3415
736c3f9e345cd22efea33aedf962ab79,875,Honda                         ,CRF250R                                                                                                                                                                                                                                                   ,2015,N,2017-03-11 00:00:00.000000,CCCCCCC,2017-09-12,2017-09-30,26132,02,36,36,M,0,2,21555
07b7a292561f3b8edf4d90c4ed4c4ec9,682,Ducati                        ,XDiavel                                                                                                                                                                                                                                                   ,2016,N,2016-05-05 00:00:00.000000,CCCCCCCCCCCCCCCCCC,2017-10-16,2017-10-16,21467,3A,39,39,M,0,1,11559
877ef7a012c5b25ca770e53312df488b,716,Polaris                       ,Sportsman 570 EPS~Sportsman 570 EPS Camo                                                                                                                                                                                                                  ,2016,N,2015-04-28 00:00:00.000000,CCCCCCCCCCC-CCCCCCCCCCCCCCCCCC,2017-10-10,2017-10-20,13164,11,60,60,M,0,2,6999
675a92f458f2b07f4c7e78d64e79ce52,718,Yamaha                        ,YZF-R3                                                                                                                                                                                                                                                    ,2015,N,2016-01-20 00:00:00.000000,CCCCCCCCCCCCCCCCCCCCCC,2017-10-06,2017-10-25,7261,02,48,48,M,0,2,4494
a69b7ec7edf1f8699fcf8f01a1d05a3a,765,Suzuki                        ,V-Strom 650 ABS                                                                                                                                                                                                                                           ,2014,N,2016-06-15 00:00:00.000000,CCCCCCCCCCCCCCCC,2017-09-15,2017-09-30,15894,3A,36,36,M,0,7,8830
242a32a37a143dd16c3009025ad40fa7,742,Honda                         ,CRF250L                                                                                                                                                                                                                                                   ,2014,N,2017-09-06 00:00:00.000000,C,2017-10-04,2017-10-08,2138,00,30,30,M,0,2,2060
a4ca0e77f8cf95f29527dba9efdde061,656,Yamaha                        ,YZ85                                                                                                                                                                                                                                                      ,2015,N,2016-02-26 00:00:00.000000,CCCCCCCCCCCCCCCCCCCC,2017-09-12,2017-09-30,9838,00,48,48,M,0,1,6016
1ae0d6e5e2d11119ab0425520f5edf36,743,BMW                           ,R1200GS                                                                                                                                                                                                                                                   ,2016,N,2013-03-16 00:00:00.000000,CCCCCCCCCCCCCCCCCCCCCCCCCCCCCCCCCCCCCCCCCCCCCCCCCCCCCCC,2017-09-28,2017-09-30,35154,00,61,61,M,0,1,5073
6331cf5172bbf134a9d0a0b7632e18fe,779,Honda                         ,Foreman 4x4 ES                                                                                                                                                                                                                                            ,2014,N,2013-05-14 00:00:00.000000,CCCCCCCCCCCCCCCCCCCCCCCCCCCCCCCCCCCCCCCCCCCCCCCCCCCCC,2017-09-12,2017-09-30,33552,00,75,75,M,0,1,11112
75a1b29e344d444c367d662a219852a0,859,Honda                         ,GW Audio Comfort Navi XM~GW Audio Comfort Navi XM ABS                                                                                                                                                                                                     ,2015,N,2015-06-06 00:00:00.000000,CCCCCCCCCCCCCCCCCCCCCCCCCCCCC,2017-10-17,2017-10-23,13093,00,72,72,M,0,2,8553
aef80c9957652df3a867ce421bd760dd,792,Kawasaki                      ,KLR650 Camo                                                                                                                                                                                                                                               ,2016,N,2015-01-12 00:00:00.000000,CCCCCCCCCCCCCCCCCCCCCCCCCCCCCCCCC,2017-09-20,2017-10-01,11815,00,60,60,M,0,2,5748
eb89236373efec637e0654c30992af53,696,Suzuki                        ,GSX-R1000                                                                                                                                                                                                                                                 ,2015,N,2014-12-12 00:00:00.000000,CCCCCCCCCCCCCCCCCCCCCCCCCCCCCCCCCC,,2017-09-30,36733,00,72,72,M,0,1,20450
5fcedab0d12e1746a93a2a236b67bbb1,602,Indian Motorcycle             ,Chief Dark Horse                                                                                                                                                                                                                                          ,2016,N,2013-06-10 00:00:00.000000,C,,2017-09-30,1200,12,82,82,D,0,1,1580
1b1c94c91446369253d80f3bd5708cd9,764,Honda                         ,CRF80F                                                                                                                                                                                                                                                    ,2013,N,2016-12-31 00:00:00.000000,CCCCCCCCC,2017-09-22,2017-09-30,26843,00,73,73,M,0,2,25150
42ecffad7460c59ba8ae5cc2ea30ce67,863,BMW                           ,S1000R                                                                                                                                                                                                                                                    ,2016,N,2016-06-26 00:00:00.000000,CCCCCCCCCCCCCCCC,2017-08-26,2017-09-26,13586,00,60,60,M,0,1,10654
